Category,Project
1D Sediment Transport,BSTEM - Simple Example
1D Sediment Transport,Dredging Example
1D Sediment Transport,Reservoir Video Tutorial
1D Sediment Transport,SIAM Example
1D Sediment Transport,Simple Sediment Transport Example
1D Sediment Transport,Unsteady Sediment with Concentration Rules
1D Sediment Transport,Video Tutorial (Sediment Intro)
1D Steady Flow Hydraulics,Baxter RAS Mapper
1D Steady Flow Hydraulics,Chapter 4 Example Data
1D Steady Flow Hydraulics,ConSpan Culvert
1D Steady Flow Hydraulics,Mixed Flow Regime Channel
1D Steady Flow Hydraulics,Wailupe GeoRAS
1D Unsteady Flow Hydraulics,Balde Eagle Creek
1D Unsteady Flow Hydraulics,Bridge Hydraulics
1D Unsteady Flow Hydraulics,ContractionExpansionMinorLosses
1D Unsteady Flow Hydraulics,Culvert Hydraulics
1D Unsteady Flow Hydraulics,Culverts with Flap Gates
1D Unsteady Flow Hydraulics,Dam Breaching
1D Unsteady Flow Hydraulics,Elevation Controled Gates
1D Unsteady Flow Hydraulics,Inline Structure with Gated Spillways
1D Unsteady Flow Hydraulics,Internal Stage and Flow Boundary Condition
1D Unsteady Flow Hydraulics,JunctionHydraulics
1D Unsteady Flow Hydraulics,Lateral Strcuture with Gates
1D Unsteady Flow Hydraulics,Lateral Structure connected to a River Reach
1D Unsteady Flow Hydraulics,Lateral Structure Overflow Weir
1D Unsteady Flow Hydraulics,Lateral Structure with Culverts
1D Unsteady Flow Hydraulics,Lateral Structure with Culverts and Gates
1D Unsteady Flow Hydraulics,Levee Breaching
1D Unsteady Flow Hydraulics,Mixed Flow Regime
1D Unsteady Flow Hydraulics,Multiple Reaches with Hydraulic Structures
1D Unsteady Flow Hydraulics,NavigationDam
1D Unsteady Flow Hydraulics,Pumping Station
1D Unsteady Flow Hydraulics,Pumping Station with Rules
1D Unsteady Flow Hydraulics,Rule Operations
1D Unsteady Flow Hydraulics,Simplified Physical Breaching
1D Unsteady Flow Hydraulics,Storage Area Hydraulic Connection
1D Unsteady Flow Hydraulics,UngagedAreaInflows
1D Unsteady Flow Hydraulics,Unsteady Flow Encroachment Analysis
2D Sediment Transport,Chippewa_2D
2D Unsteady Flow Hydraulics,BaldEagleCrkMulti2D
2D Unsteady Flow Hydraulics,Muncie
Applications Guide,Example 1 - Critical Creek
Applications Guide,Example 10 - Stream Junction
Applications Guide,Example 11 - Bridge Scour
Applications Guide,Example 12 - Inline Structure
Applications Guide,Example 13 - Singler Bridge (WSPRO)
Applications Guide,Example 14 - Ice Covered River
Applications Guide,Example 15 - Split Flow Junction with Lateral Weir
Applications Guide,Example 16 - Channel Modification
Applications Guide,Example 17 - Unsteady Flow Application
Applications Guide,Example 18 - Advanced Inline Structure
Applications Guide,Example 19 - Hydrologic Routing - ModPuls
Applications Guide,Example 2 - Beaver Creek
Applications Guide,Example 20 - HagerLatWeir
Applications Guide,Example 21 - Overflow Gates
Applications Guide,Example 22 - Groundwater Interflow
Applications Guide,Example 23 - Urban Modeling
Applications Guide,Example 24 - Mannings-n-Calibration
Applications Guide,Example 3 - Single Culvert
Applications Guide,Example 4 - Multiple Culverts
Applications Guide,Example 5 - Multiple Openings
Applications Guide,Example 6 - Floodway Determination
Applications Guide,Example 7 - Multiple Plans
Applications Guide,Example 8 - Looped Network
Applications Guide,Example 9 - Mixed Flow Analysis
Water Quality,Nutrient Example
